{
  "ammo": "wz:68wrath",
  "ammo_amount": 20,
  "extended_mag_ammo_amount": [
    30,
    40,
    50
  ],
  "rpm": 673,
  "bullet": {
    "life": 0.8,
    "bullet_amount": 1,
    "damage": 8.5,
    "tracer_count_interval": 0,
    "extra_damage": {
      "armor_ignore": 0.5,
      "head_shot_multiplier": 1.1,
      "damage_adjust": [
        {"distance": 30, "damage": 8.5},
        {"distance": 50, "damage": 5},
        {"distance": "infinite", "damage": 5}
      ]
    },
    "speed": 375,
    "gravity": 0.15,
    "knockback": 0,
    "friction": 0.02,
    "ignite": false,
    "pierce": 1
  },
  "bolt": "open_bolt",
  "reload": {
    "type": "magazine",
    "feed": {
      "empty": 1.70,
      "tactical": 1.23
    },
    "cooldown": {
      "empty": 2.7667,
      "tactical": 2.0333
    }
  },
  "draw_time": 0.5417,
  "put_away_time": 0.3333,
  "sprint_time": 0.141,
  "aim_time": 0.285,
  "weight": 2,
  "movement_speed": {
    "base": 0.0,
    "aim": 0.0,
    "reload": 0
  },
  "crawl_recoil_multiplier": 0.75,
  "fire_mode": [
    "auto",
    "semi"
  ],
  "allow_attachment_types": [
    "scope",
    "muzzle",
    "grip",
    "laser",
    "extended_mag"
  ],
  "recoil": {
    "pitch": [
      {"time": 0, "value": [1.0, 1.0]},
      {"time": 0.2, "value": [1.0, 1.0]},
      {"time": 0.45, "value": [-0.2, -0.2]},
      {"time": 0.6, "value": [0, 0]},
      {"time": 0.7, "value": [0, 0]}
    ],
    "yaw": [
      {"time": 0, "value": [-0.3, 0.15]},
      {"time": 0.35, "value": [-0.3, 0.15]},
      {"time": 0.5, "value": [0, 0]}
    ]
  },
  "inaccuracy": {
    "stand": 3.5,
    "move": 4.5,
    "sneak": 2.5,
    "lie": 2,
    "aim": 0.175
  },
  "melee": {
    "distance": 1,
    "cooldown": 0.6,
    "default": {
      "animation_type": "melee_push",
      "distance": 1,
      "range_angle": 40,
      "cooldown": 0.2,
      "damage": 1,
      "knockback": 0.4,
      "prep": 0.1
    }
  }
}