{
  "ammo": "cod:cod_sniper_h",
  "ammo_amount": 5,
  "extended_mag_ammo_amount": [
    7,
    9,
    11
  ],
  "bolt": "manual_action",
  "rpm": 117,
  "bullet": {
    "life": 0.9,
    "bullet_amount": 1,
    "damage": 76.5,
    "tracer_count_interval": 0,
    "extra_damage": {
      "armor_ignore": 0.60,
      "head_shot_multiplier": 2.1,
      "damage_adjust": [
        {"distance": 80, "damage": 76.5},
        {"distance": 160, "damage": 72.5},
        {"distance": 320, "damage": 68.5},
        {"distance": "infinite", "damage": 60}
      ]
    },
    "speed": 380,
    "gravity": 0.15,
    "knockback": 0,
    "friction": 0.015,
    "ignite": false,
    "pierce": 4,
    "explosion": {
      "explode": false,
      "damage": 60,
      "radius": 1.25,
      "knockback": true,
      "delay": 1
    }
  },
  "reload": {
    "type": "magazine",
    "feed": {
      "empty": 2.85,
      "tactical": 2.05
    },
    "cooldown": {
      "empty": 3.7,
      "tactical": 3
    }
  },
  "draw_time": 0.35,
  "put_away_time": 0.75,
  "aim_time": 0.6,
  "sprint_time": 0.25,
  "bolt_action_time": 0.9,
  "weight": 6.9,
  "movement_speed": {
    "base": 0.0,
    "aim": -0.4,
    "reload": -0.2
  },
  "crawl_recoil_multiplier": 0.25,
  "fire_mode": [
    "semi"
  ],
  "recoil": {
    "pitch": [
      {"time": 0, "value": [5.5, 5.5]},
      {"time": 0.07, "value": [4.5, 4.5]},
      {"time": 0.16, "value": [5.25, 5.25]},
      {"time": 0.24, "value": [4, 4]},
      {"time": 0.6, "value": [-0.5, -0.5]},
      {"time": 0.71, "value": [0.25, 0.25]},
      {"time": 0.83, "value": [0, 0]},
      {"time": 0.88, "value": [0, 0]}
    ],
    "yaw": [
      {"time": 0, "value": [-1.25, -1.25]},
      {"time": 0.08, "value": [1.15, 1.15]},
      {"time": 0.17, "value": [-0.5, -0.5]},
      {"time": 0.28, "value": [0.25, 0.25]},
      {"time": 0.5, "value": [0, 0]},
      {"time": 0.8, "value": [0, 0]}
    ]
  },
  "inaccuracy": {
    "stand": 8.5,
    "move": 11,
    "sneak": 6.5,
    "lie": 4.5,
    "aim": 0.05
  },
  "melee": {
    "distance": 1,
    "cooldown": 1.0,
    "default": {
      "animation_type": "melee_stock",
      "distance": 1.25,
      "range_angle": 30,
      "damage": 5,
      "knockback": 1,
      "prep": 0.1
    }
  },
  "allow_attachment_types": [
    "extended_mag",
    "scope",
    "grip",
    "muzzle"
  ]
}