{
  "ammo": "tacz:338",
  "ammo_amount": 10,
  "extended_mag_ammo_amount": [
    12,
    14,
    16
  ],
  "bolt": "manual_action",
  "rpm": 171,
  "bullet": {
    "life": 1.1,
    "bullet_amount": 1,
    "damage": 45,
    "tracer_count_interval": 0,
    "extra_damage": {
      "armor_ignore": 0.75,
      "head_shot_multiplier": 2.5,
      "damage_adjust": [
        {"distance": 75, "damage": 42},
        {"distance": 150, "damage": 35},
        {"distance": "infinite", "damage": 29}
      ]
    },
    "speed": 425,
    "gravity": 0.058,
    "knockback": 0,
    "friction": 0.03,
    "ignite": false,
    "pierce": 5
  },
  "reload": {
    "type": "magazine",
    "feed": {
      "empty": 4.37,
      "tactical": 2.82
    },
    "cooldown": {
      "empty": 4.8,
      "tactical": 3.42
    }
  },
  "draw_time": 0.6,
  "put_away_time": 0.59,
  "aim_time": 0.4,
  "sprint_time": 0.35,
  "bolt_action_time": 1.06,
  "weight": 6.8,
  "fire_mode": [
    "semi"
  ],
  "recoil": {
    "pitch": [
      {"time": 0, "value": [2.8, 2.8]},
      {"time": 0.32, "value": [2.8, 2.8]},
      {"time": 0.57, "value": [-0.5, -0.5]},
      {"time": 0.82, "value": [0.25, 0.25]},
      {"time": 1.17, "value": [0, 0]},
      {"time": 1.47, "value": [0, 0]}
    ],
    "yaw": [
      {"time": 0, "value": [-0.8, -0.5]},
      {"time": 0.32, "value": [-0.8, -0.5]},
      {"time": 0.57, "value": [0, 0]}
    ]
  },
  "melee": {
    "distance": 1,
    "cooldown": 0.7,
    // 默认近战数据，会被配件的数据替换掉
    "default": {
      // 动画类型：没有枪托的为 melee_push，有枪托的为 melee_stock
      "animation_type": "melee_push",
      // 刺刀距离参数，枪械里还有个刺刀攻击距离参数，两者做加和
      "distance": 1,
      // 刺刀范围角度
      "range_angle": 40,
      // 刺刀冷却时间，枪械里还有个刺刀冷却时间参数，两者做加和
      "cooldown": 0,
      // 伤害值
      "damage": 1,
      // 击退效果
      "knockback": 0.5,
      // 前摇时长，单位：秒
      "prep": 0.32
    }
  },
  "inaccuracy": {
    "stand": 8.5,
    "move": 11,
    "sneak": 6.5,
    "lie": 4.5,
    "aim": 0.05
  },
  "allow_attachment_types": [
    "laser",
    "scope",
    "muzzle"
  ],
  "builtin_attachments": {
   // "scope": "tacz:scope_lpvo_1_6"
  }
}