{
  "ammo": "suffuse:.408ct",
  "ammo_amount": 7,
  "extended_mag_ammo_amount": [
    6,
    8,
    10
  ],
  "bolt": "manual_action",
  "rpm": 171,
  "bullet": {
    "life": 0.9,
    "bullet_amount": 1,
    "damage": 74,
    "tracer_count_interval": 0,
    "extra_damage": {
      "armor_ignore": 0.75,
      "head_shot_multiplier": 2,
      "damage_adjust": [
        {"distance": 80, "damage": 74},
        {"distance": 150, "damage": 71},
        {"distance": "infinite", "damage": 25}
      ]
    },
    "speed": 450,
    "gravity": 0.058,
    "knockback": 0,
    "friction": 0.012,
    "ignite": false,
    "pierce": 3
  },
  "reload": {
    "type": "magazine",
    "feed": {
      "empty": 5.69,
      "tactical": 4.21
    },
    "cooldown": {
      "empty": 6.31,
      "tactical": 4.96
    }
  },
  "draw_time": 0.77,
  "put_away_time": 0.8,
  "aim_time": 0.25,
  "sprint_time": 0.2,
  "bolt_action_time": 0.9,
  "weight": 14,
  "fire_mode": [
    "semi"
  ],
  "recoil": {
    "pitch": [
      {"time": 0, "value": [2.7, 2.7]}, // 初始强烈的垂直上抬
      {"time": 0.32, "value": [2.7, 2.7]}, // 保持同样的强烈上抬，模拟首两发子弹的后坐力
      {"time": 0.57, "value": [-0.15, -0.15]}, // 恢复阶段开始，向下调整
      {"time": 0.82, "value": [0.25, 0.25]}, // 继续轻微调整，逐渐稳定
      {"time": 1.17, "value": [0, 0]}, // 完全稳定
      {"time": 1.47, "value": [0, 0]} // 确保完全稳定
    ],
    "yaw": [
      {"time": 0, "value": [-0.2, -0.2]}, // 减小初始左偏，使其更符合M200的特性
      {"time": 0.32, "value": [-0.2, -0.2]}, // 保持一致的左偏，模拟前两发子弹
      {"time": 0.57, "value": [0, 0]} // 恢复到中立位置
    ]
  },
  "inaccuracy": {
    "stand": 8.5,
    "move": 11,
    "sneak": 6.5,
    "lie": 4.5,
    "aim": 0.05
  },
  "allow_attachment_types": [
    "scope",
    "muzzle"
  ],
  "builtin_attachments": {
    //"scope": "tacz:scope_standard_8x"
  }
}
