{
  "ammo": "tacz:45acp",
  "rpm": 500,
  "bullet": {
    "life": 1,
    "bullet_amount": 1,
    "damage": 8,
    "tracer_count_interval": 0,
    "extra_damage": {
      "armor_ignore": 0.2,
      "head_shot_multiplier": 1.5,
      "damage_adjust": [
        {"distance": 18, "damage": 8},
        {"distance": 40, "damage": 7},
        {"distance": "infinite", "damage": 5}
      ]
    },
    "speed": 170,
    "gravity": 0.15,
    "knockback": 0,
    "friction": 0.035,
    "ignite": false,
    "pierce": 1
  },
  "ammo_amount": 12,
  "extended_mag_ammo_amount": [
    12,
    15,
    18
  ],
  "bolt": "closed_bolt",
  "reload": {
    "type": "magazine",
    "feed": {
      "empty": 2.1,
      "tactical": 1.13
    },
    "cooldown": {
      "empty": 2.87,
      "tactical": 2.2
    }
  },
  "draw_time": 0.49,
  "put_away_time": 0.28,
  "aim_time": 0.18,
  "sprint_time": 0.05,
  "weight": 1.2,
  "movement_speed": {
    "base": 0,
    "aim": 0,
    "reload": 0.1
  },
  "crawl_recoil_multiplier": 0.5,
  "fire_mode": [
    "semi"
  ],
  "allow_attachment_types": [
    "muzzle",
    "extended_mag",
    "laser"
  ],
  "recoil": {
    "pitch": [
      {"time": 0, "value": [0.62, 0.62]},
      {"time": 0.35, "value": [0.62, 0.62]},
      {"time": 0.6, "value": [-0.175, -0.175]},
      {"time": 0.8, "value": [0.05, 0.05]},
      {"time": 1.0, "value": [0, 0]}
    ],
    "yaw": [
      {"time": 0, "value": [-0.2, 0.2]},
      {"time": 0.45, "value": [0, 0]}
    ]
  },
  "inaccuracy": {
    "stand": 1.65,
    "move": 1.95,
    "sneak": 0.95,
    "lie": 0.75,
    "aim": 0.16
  }
}