{
  "ammo": "wz:46x30mm",
  "rpm": 952,
  "script": "wz:xmag_reload_logic",
  "script_param": {
    "reload_feed": 1.3,
    "reload_cooldown": 2,
    "empty_feed": 1.3,
    "empty_cooldown": 2.3,
    "reload_xmag_1_feed": 1.6,
    "reload_xmag_1_cooldown": 2.4,
    "empty_xmag_1_feed": 2.2,
    "empty_xmag_1_cooldown": 2.8,
    "reload_xmag_2_feed": 1.8,
    "reload_xmag_2_cooldown": 2.6,
    "empty_xmag_2_feed": 2.2,
    "empty_xmag_2_cooldown": 3.1,
    "reload_xmag_3_feed": 1.8,
    "reload_xmag_3_cooldown": 2.6,
    "empty_xmag_3_feed": 2.2,
    "empty_xmag_3_cooldown": 3.1
  },
  "bullet": {
    "life": 0.8,
    "bullet_amount": 1,
    "damage": 6.75,
    "tracer_count_interval": 0,
    "extra_damage": {
      "armor_ignore": 0.7,
      "head_shot_multiplier": 1.05,
      "damage_adjust": [
        {"distance": 5, "damage": 6.25},
        {"distance": 10, "damage": 6.25},
        {"distance": 40, "damage": 4},
        {"distance": "infinite", "damage": 4}
      ]
    },
    "speed": 270,
    "gravity": 0.15,
    "knockback": 0,
    "friction": 0.02,
    "ignite": false,
    "pierce": 1
  },
  "ammo_amount": 30,
  "extended_mag_ammo_amount": [
    40,
    50,
    60
  ],
  "bolt": "open_bolt",
  "reload": {
    "type": "magazine",
    "feed": {
      "empty": 1.60,
      "tactical": 1.42
    },
    "cooldown": {
      "empty": 2.27,
      "tactical": 2.13
    }
  },
  "draw_time": 0.8,
  "put_away_time": 0.3,
  "sprint_time": 0.11,
  "aim_time": 0.216,
  "weight": 2,
  "movement_speed": {
    "base": 0.0,
    "aim": 0.0,
    "reload": 0
  },
  "crawl_recoil_multiplier": 0.75,
  "fire_mode": [
    "auto",
    "semi"
  ],
  "allow_attachment_types": [
    "muzzle",
    "scope",
    "stock",
    "grip",
    "laser",
    "extended_mag"
  ],
  "recoil": {
    "pitch": [
      {"time": 0, "value": [0.15, 0.15]},
      {"time": 0.12, "value": [0.15, 0.15]},
      {"time": 0.3, "value": [-0.2, -0.2]},
      {"time": 0.45, "value": [0, 0]}
    ],
    "yaw": [
      {"time": 0, "value": [-0.65, 0.5]},
      {"time": 0.12, "value": [-0.65, 0.5]},
      {"time": 0.3, "value": [0, 0]}
    ]
  },
  "inaccuracy": {
    "stand": 3.5,
    "move": 4.5,
    "sneak": 2.5,
    "lie": 2,
    "aim": 0.175
  },
  "melee": {
    "distance": 1,
    "cooldown": 0.6,
    "default": {
      "animation_type": "melee_push",
      "distance": 1,
      "range_angle": 40,
      "cooldown": 0.2,
      "damage": 1,
      "knockback": 0.4,
      "prep": 0.1
    }
  }
}